{
  "current": [
    {
      "available": false,
      "name": "Soil Temperature",
      "description": "Soil Temperature",
      "url": ""
    },
    {
      "available": false,
      "name": "Soil Moisture",
      "description": "Real-time soil moisture monitoring",
      "url": ""
    },
    {
      "available": false,
      "name": "PVS",
      "description": "Pivot Management System",
      "url": ""
    }
  ],
  "available": [
    {
      "available": true,
      "name": "Soil Moisture",
      "description": "Real-time soil moisture monitoring",
      "url": ""
    },
    {
      "available": true,
      "name": "Soil Temperature",
      "description": "Soil Temperature",
      "url": ""
    },
    {
      "available": true,
      "name": "PVM",
      "description": "Pivot Management System",
      "url": ""
    },
    {
      "available": false,
      "name": "Weather forecast",
      "description": "",
      "url": ""
    },
    {
      "available": false,
      "name": "Humidity",
      "description": "",
      "url": ""
    },
    {
      "available": false,
      "name": "Soil pH",
      "description": "",
      "url": ""
    },
    {
      "available": false,
      "name": "Livestock Monitoring",
      "description": "Transmission and monitoring of biomedical parameters of livestock. Typical monitored data are the body temperature and the GPS position.",
      "url": ""
    }
  ]
}
